city,station,seed,topology,r2_linear,r2_gcn,delta_r2
beijing,Aotizhongxin,123,distance,0.9521773778695704,0.941277949911235,-0.010899427958335317
beijing,Changping,123,distance,0.9427405060033476,0.9235591146576188,-0.019181391345728827
beijing,Dingling,123,distance,0.9486869492659014,0.8782623646317249,-0.07042458463417645
beijing,Dongsi,123,distance,0.9488911313534936,0.937844207584986,-0.011046923768507577
beijing,Guanyuan,123,distance,0.9509141654136184,0.934341385884011,-0.01657277952960734
beijing,Gucheng,123,distance,0.9510436173892222,0.9099592039205256,-0.04108441346869651
beijing,Huairou,123,distance,0.9397734868920452,0.933258314371671,-0.006515172520374257
beijing,Nongzhanguan,123,distance,0.954878109352706,0.9457721386330966,-0.00910597071960939
beijing,Shunyi,123,distance,0.9485240381798642,0.950562992338395,0.002038954158530837
beijing,Tiantan,123,distance,0.9548591281779244,0.9431997006444316,-0.011659427533492805
beijing,Wanliu,123,distance,0.952148921183066,0.9358194219866784,-0.016329499196387598
beijing,Wanshouxigong,123,distance,0.9420572571296596,0.9300445916959365,-0.012012665433723146
beijing,Aotizhongxin,42,distance,0.9516812708959363,0.9401777162981568,-0.01150355459777952
beijing,Changping,42,distance,0.9424312640052158,0.9260257142899846,-0.016405549715231227
beijing,Dingling,42,distance,0.9479688161484422,0.8797063975913609,-0.06826241855708126
beijing,Dongsi,42,distance,0.948953240451891,0.9362766835948404,-0.012676556857050603
beijing,Guanyuan,42,distance,0.950513786965418,0.9297186201510368,-0.020795166814381205
beijing,Gucheng,42,distance,0.9517708185980877,0.9132002257226084,-0.03857059287547926
beijing,Huairou,42,distance,0.938409963685503,0.9361225679602594,-0.002287395725243613
beijing,Nongzhanguan,42,distance,0.9548772818864216,0.9439196561545916,-0.010957625731830012
beijing,Shunyi,42,distance,0.9478580949292164,0.949723821583976,0.0018657266547595919
beijing,Tiantan,42,distance,0.9544165168550628,0.9429219329897182,-0.011494583865344632
beijing,Wanliu,42,distance,0.9516541450783425,0.9373050256361,-0.014349119442242486
beijing,Wanshouxigong,42,distance,0.9428718730582548,0.930715123039838,-0.012156750018416762
beijing,Aotizhongxin,777,distance,0.9510249980296072,0.9445426383808054,-0.006482359648801728
beijing,Changping,777,distance,0.9402095309158782,0.9234247568531834,-0.01678477406269485
beijing,Dingling,777,distance,0.9453687335195388,0.8903293398457814,-0.05503939367375732
beijing,Dongsi,777,distance,0.9482151790663788,0.928806742484782,-0.019408436581596744
beijing,Guanyuan,777,distance,0.9498149162759276,0.9341849708164688,-0.01562994545945884
beijing,Gucheng,777,distance,0.9507385884466628,0.9064874022886888,-0.044251186157973965
beijing,Huairou,777,distance,0.9366448626388306,0.938715628436569,0.00207076579773835
beijing,Nongzhanguan,777,distance,0.9541486141685508,0.9415048403035085,-0.01264377386504234
beijing,Shunyi,777,distance,0.9471605471470004,0.9457672049951112,-0.001393342151889132
beijing,Tiantan,777,distance,0.9533948099506104,0.9465581379911868,-0.0068366719594236125
beijing,Wanliu,777,distance,0.9504989255056254,0.9411742553510368,-0.009324670154588599
beijing,Wanshouxigong,777,distance,0.9424993767964832,0.9211696283504202,-0.021329748446063057
beijing,Aotizhongxin,123,correlation,0.9521773778695704,0.9395008773805176,-0.012676500489052778
beijing,Changping,123,correlation,0.9427405060033476,0.9199644395301922,-0.022776066473155332
beijing,Dingling,123,correlation,0.9486869492659014,0.8151910670600329,-0.1334958822058685
beijing,Dongsi,123,correlation,0.9488911313534936,0.9334917066823212,-0.01539942467117239
beijing,Guanyuan,123,correlation,0.9509141654136184,0.9336596371476746,-0.017254528265943758
beijing,Gucheng,123,correlation,0.9510436173892222,0.8624950172046834,-0.0885486001845388
beijing,Huairou,123,correlation,0.9397734868920452,0.8591289309435249,-0.08064455594852027
beijing,Nongzhanguan,123,correlation,0.954878109352706,0.9402846905559984,-0.014593418796707613
beijing,Shunyi,123,correlation,0.9485240381798642,0.8829528722039333,-0.06557116597593093
beijing,Tiantan,123,correlation,0.9548591281779244,0.941230843028118,-0.013628285149806407
beijing,Wanliu,123,correlation,0.952148921183066,0.923626577979368,-0.028522343203698064
beijing,Wanshouxigong,123,correlation,0.9420572571296596,0.9239608799525404,-0.018096377177119205
beijing,Aotizhongxin,42,correlation,0.9516812708959363,0.940923994310964,-0.010757276584972386
beijing,Changping,42,correlation,0.9424312640052158,0.9185670949656128,-0.023864169039602978
beijing,Dingling,42,correlation,0.9479688161484422,0.8227748635276729,-0.12519395262076927
beijing,Dongsi,42,correlation,0.948953240451891,0.9335992091895884,-0.015354031262302614
beijing,Guanyuan,42,correlation,0.950513786965418,0.93268499208665,-0.017828794878767984
beijing,Gucheng,42,correlation,0.9517708185980877,0.8655334915878912,-0.08623732701019649
beijing,Huairou,42,correlation,0.938409963685503,0.8679791886618724,-0.0704307750236306
beijing,Nongzhanguan,42,correlation,0.9548772818864216,0.9401275066939332,-0.014749775192488435
beijing,Shunyi,42,correlation,0.9478580949292164,0.8849314639352153,-0.06292663099400109
beijing,Tiantan,42,correlation,0.9544165168550628,0.9406854342389908,-0.013731082616072032
beijing,Wanliu,42,correlation,0.9516541450783425,0.924681986423186,-0.026972158655156453
beijing,Wanshouxigong,42,correlation,0.9428718730582548,0.9242029096708868,-0.01866896338736801
beijing,Aotizhongxin,777,correlation,0.9510249980296072,0.9392914578520686,-0.011733540177538582
beijing,Changping,777,correlation,0.9402095309158782,0.9184093401947118,-0.021800190721166457
beijing,Dingling,777,correlation,0.9453687335195388,0.8182610239558051,-0.12710770956373363
beijing,Dongsi,777,correlation,0.9482151790663788,0.933139301990673,-0.01507587707570579
beijing,Guanyuan,777,correlation,0.9498149162759276,0.9338360743277736,-0.01597884194815402
beijing,Gucheng,777,correlation,0.9507385884466628,0.8619076680466711,-0.08883092039999174
beijing,Huairou,777,correlation,0.9366448626388306,0.860459134579413,-0.07618572805941759
beijing,Nongzhanguan,777,correlation,0.9541486141685508,0.9402548957452548,-0.013893718423296009
beijing,Shunyi,777,correlation,0.9471605471470004,0.8819568394347904,-0.06520370771220996
beijing,Tiantan,777,correlation,0.9533948099506104,0.94109793750576,-0.012296872444850449
beijing,Wanliu,777,correlation,0.9504989255056254,0.9227072453124942,-0.027791680193131274
beijing,Wanshouxigong,777,correlation,0.9424993767964832,0.9235268298014268,-0.01897254699505646
london,BL0,123,distance,0.8758797079469604,-0.4040443598697034,-1.2799240678166637
london,BT4,123,distance,0.7579890075947056,0.4516936556188912,-0.30629535197581437
london,CT3,123,distance,0.7216150729321229,-1.335939102760027,-2.05755417569215
london,GN0,123,distance,0.7163973360745182,-0.2121384454066128,-0.928535781481131
london,KC1,123,distance,0.8907339846125801,0.7193043682132672,-0.17142961639931298
london,LH0,123,distance,0.8622730785327934,0.5741711398996565,-0.28810193863313693
london,RB7,123,distance,0.7220598747404026,0.5223217615810622,-0.1997381131593403
london,TH4,123,distance,0.8664169536530789,0.4656809540159367,-0.40073599963714224
london,BL0,42,distance,0.9071942708790216,-0.451399336355698,-1.3585936072347196
london,BT4,42,distance,0.7608215126495824,0.469356630134575,-0.2914648825150074
london,CT3,42,distance,0.7584555109596508,-1.153228510202135,-1.9116840211617858
london,GN0,42,distance,0.7415797223946533,-0.1957666050774185,-0.9373463274720718
london,KC1,42,distance,0.901552744785484,0.711347482067789,-0.190205262717695
london,LH0,42,distance,0.8951224979619998,0.5604754648402421,-0.3346470331217577
london,RB7,42,distance,0.7280985663470754,0.5244415940170346,-0.20365697233004076
london,TH4,42,distance,0.8669175599917451,0.4821115229187734,-0.38480603707297173
london,BL0,777,distance,0.8930280287623692,-0.2640041248935494,-1.1570321536559187
london,BT4,777,distance,0.7636374864331803,0.342699639459692,-0.4209378469734883
london,CT3,777,distance,0.7548665016322351,-1.987676994292067,-2.742543495924302
london,GN0,777,distance,0.7407085614709887,-0.3935109361768321,-1.1342194976478208
london,KC1,777,distance,0.8992727771794625,0.7410715339672829,-0.15820124321217965
london,LH0,777,distance,0.8795000086690784,0.5817420251774122,-0.29775798349166616
london,RB7,777,distance,0.7282296353094675,0.5825037941692652,-0.14572584114020226
london,TH4,777,distance,0.8671096852933102,0.4218156762411073,-0.44529400905220295
london,BL0,123,correlation,0.8758797079469604,-0.0469825511407961,-0.9228622590877564
london,BT4,123,correlation,0.7579890075947056,0.538944170105178,-0.21904483748952752
london,CT3,123,correlation,0.7216150729321229,-1.3190520820816205,-2.040667155013743
london,GN0,123,correlation,0.7163973360745182,-0.2251744525576207,-0.9415717886321389
london,KC1,123,correlation,0.8907339846125801,0.6840820660113062,-0.20665191860127397
london,LH0,123,correlation,0.8622730785327934,-0.4426637536625759,-1.3049368321953694
london,RB7,123,correlation,0.7220598747404026,0.4009885352523882,-0.32107133948801436
london,TH4,123,correlation,0.8664169536530789,0.4667172608484137,-0.3996996928046652
london,BL0,42,correlation,0.9071942708790216,0.0649026828031331,-0.8422915880758886
london,BT4,42,correlation,0.7608215126495824,0.5218959001848218,-0.23892561246476063
london,CT3,42,correlation,0.7584555109596508,-1.4616338158603177,-2.2200893268199686
london,GN0,42,correlation,0.7415797223946533,-0.2956887347591579,-1.0372684571538113
london,KC1,42,correlation,0.901552744785484,0.6860920706223802,-0.21546067416310377
london,LH0,42,correlation,0.8951224979619998,-0.2961587954223139,-1.1912812933843138
london,RB7,42,correlation,0.7280985663470754,0.4160297919514175,-0.3120687743956579
london,TH4,42,correlation,0.8669175599917451,0.4542103495833782,-0.41270721040836694
london,BL0,777,correlation,0.8930280287623692,-0.0164897782609243,-0.9095178070232935
london,BT4,777,correlation,0.7636374864331803,0.5252846405164606,-0.23835284591671968
london,CT3,777,correlation,0.7548665016322351,-1.1093447050826364,-1.8642112067148715
london,GN0,777,correlation,0.7407085614709887,-0.259227005127262,-0.9999355665982508
london,KC1,777,correlation,0.8992727771794625,0.6563085894420394,-0.24296418773742312
london,LH0,777,correlation,0.8795000086690784,-0.4312135205218146,-1.3107135291908931
london,RB7,777,correlation,0.7282296353094675,0.3853218715538818,-0.3429077637555857
london,TH4,777,correlation,0.8671096852933102,0.4573329867801842,-0.40977669851312604
madrid,CASA DE CAMPO,123,distance,0.6502557327070475,0.3526968361323472,-0.2975588965747003
madrid,CASTELLANA,123,distance,0.8926040104846529,0.3471791872165803,-0.5454248232680725
madrid,CUATRO CAMINOS-PABLO,123,distance,0.8308408051322564,0.5624897801795354,-0.268351024952721
madrid,ESCUELAS AGUIRRE,123,distance,0.7509806937007327,0.4784314206553878,-0.27254927304534493
madrid,MENDEZ ALVARO,123,distance,0.7966836122224943,0.6405087450089608,-0.15617486721353346
madrid,PLAZA CASTILLA-CANAL,123,distance,0.7700038638183813,0.5142009800897772,-0.25580288372860405
madrid,PLAZA ELÍPTICA,123,distance,0.7390350397590284,0.5007059316978513,-0.23832910806117713
madrid,CASA DE CAMPO,42,distance,0.6480983789669453,0.4030460407108963,-0.24505233825604905
madrid,CASTELLANA,42,distance,0.8921518521657353,0.3221376299102078,-0.5700142222555276
madrid,CUATRO CAMINOS-PABLO,42,distance,0.8282500831230457,0.5501659796295151,-0.27808410349353063
madrid,ESCUELAS AGUIRRE,42,distance,0.7489130506380569,0.4545903875421284,-0.2943226630959285
madrid,MENDEZ ALVARO,42,distance,0.7928174001790561,0.6293405713602958,-0.16347682881876036
madrid,PLAZA CASTILLA-CANAL,42,distance,0.7666744878735113,0.5247859509420483,-0.24188853693146306
madrid,PLAZA ELÍPTICA,42,distance,0.7365791537584051,0.4933912250879005,-0.2431879286705046
madrid,CASA DE CAMPO,777,distance,0.6453895529403086,0.3726683747708842,-0.2727211781694244
madrid,CASTELLANA,777,distance,0.8921707036105097,0.3457758635600543,-0.5463948400504554
madrid,CUATRO CAMINOS-PABLO,777,distance,0.8287867769680329,0.5331531853397231,-0.2956335916283098
madrid,ESCUELAS AGUIRRE,777,distance,0.7469274933111891,0.4780437305503018,-0.2688837627608873
madrid,MENDEZ ALVARO,777,distance,0.7940171617516099,0.65007305320474,-0.1439441085468699
madrid,PLAZA CASTILLA-CANAL,777,distance,0.7669286005215634,0.5074536365011949,-0.2594749640203685
madrid,PLAZA ELÍPTICA,777,distance,0.7343957025173594,0.5239016643022918,-0.21049403821506762
madrid,CASA DE CAMPO,123,correlation,0.6502557327070475,0.1394680839194705,-0.510787648787577
madrid,CASTELLANA,123,correlation,0.8926040104846529,0.1701671236174693,-0.7224368868671835
madrid,CUATRO CAMINOS-PABLO,123,correlation,0.8308408051322564,0.5090702248860832,-0.3217705802461732
madrid,ESCUELAS AGUIRRE,123,correlation,0.7509806937007327,0.4291518100356711,-0.3218288836650616
madrid,MENDEZ ALVARO,123,correlation,0.7966836122224943,0.6564441115039701,-0.1402395007185242
madrid,PLAZA CASTILLA-CANAL,123,correlation,0.7700038638183813,0.4923660172466216,-0.27763784657175966
madrid,PLAZA ELÍPTICA,123,correlation,0.7390350397590284,0.2905974766478036,-0.4484375631112248
madrid,CASA DE CAMPO,42,correlation,0.6480983789669453,0.1908660415025139,-0.4572323374644314
madrid,CASTELLANA,42,correlation,0.8921518521657353,0.1637610942425168,-0.7283907579232185
madrid,CUATRO CAMINOS-PABLO,42,correlation,0.8282500831230457,0.4980045117186062,-0.3302455714044395
madrid,ESCUELAS AGUIRRE,42,correlation,0.7489130506380569,0.3975329234404761,-0.3513801271975808
madrid,MENDEZ ALVARO,42,correlation,0.7928174001790561,0.6590423531681974,-0.13377504701085874
madrid,PLAZA CASTILLA-CANAL,42,correlation,0.7666744878735113,0.4859824083321283,-0.28069207954138303
madrid,PLAZA ELÍPTICA,42,correlation,0.7365791537584051,0.2757063567152875,-0.4608727970431176
madrid,CASA DE CAMPO,777,correlation,0.6453895529403086,-0.0175110929268769,-0.6629006458671856
madrid,CASTELLANA,777,correlation,0.8921707036105097,0.2307873587825009,-0.6613833448280088
madrid,CUATRO CAMINOS-PABLO,777,correlation,0.8287867769680329,0.5456770594054705,-0.2831097175625624
madrid,ESCUELAS AGUIRRE,777,correlation,0.7469274933111891,0.4386854335736443,-0.3082420597375448
madrid,MENDEZ ALVARO,777,correlation,0.7940171617516099,0.7226037367574748,-0.07141342499413506
madrid,PLAZA CASTILLA-CANAL,777,correlation,0.7669286005215634,0.5034578118820998,-0.2634707886394636
madrid,PLAZA ELÍPTICA,777,correlation,0.7343957025173594,0.3479617968195458,-0.3864339056978136
