city,keep_frac,seed,station,MAE,RMSE,R2,strategy,draw
beijing,0.25,42,Aotizhongxin,11.913930892944336,21.065638820506148,0.948810338973999,inverse,
beijing,0.25,42,Changping,12.850119590759276,22.031060920066285,0.925460696220398,inverse,
beijing,0.25,42,Dingling,11.324329376220703,20.52540837391587,0.9284518361091614,inverse,
beijing,0.25,42,Dongsi,12.843985557556152,23.846441474486163,0.9447631239891052,inverse,
beijing,0.25,42,Guanyuan,12.3302583694458,21.64508358853547,0.9476898908615112,inverse,
beijing,0.25,42,Gucheng,11.984123229980469,22.830251815282693,0.9478700160980223,inverse,
beijing,0.25,42,Huairou,9.618765830993652,18.951583208363243,0.938539981842041,inverse,
beijing,0.25,42,Nongzhanguan,12.125659942626951,21.78295086167591,0.9511958360671996,inverse,
beijing,0.25,42,Shunyi,12.143035888671877,21.1344550828828,0.9465063810348512,inverse,
beijing,0.25,42,Tiantan,12.028109550476074,20.872421013969007,0.9506602883338928,inverse,
beijing,0.25,42,Wanliu,11.01185131072998,20.6041020725679,0.9485299587249756,inverse,
beijing,0.25,42,Wanshouxigong,12.855125427246094,25.32875635394482,0.9393510818481444,inverse,
beijing,0.25,42,__aggregate__,11.919107437133787,21.777016883757717,0.9446868896484376,inverse,
beijing,0.25,123,Aotizhongxin,11.76658058166504,21.071508818466672,0.9487817883491516,inverse,
beijing,0.25,123,Changping,13.708745956420898,23.571502341943543,0.9146724939346312,inverse,
beijing,0.25,123,Dingling,12.050145149230955,21.270638530062104,0.923162043094635,inverse,
beijing,0.25,123,Dongsi,12.503568649291992,23.67705053776692,0.9455450773239136,inverse,
beijing,0.25,123,Guanyuan,12.09343433380127,21.517512796175904,0.9483046531677246,inverse,
beijing,0.25,123,Gucheng,12.036615371704102,22.71167116978006,0.948410153388977,inverse,
beijing,0.25,123,Huairou,10.301586151123049,19.32861288036227,0.936070203781128,inverse,
beijing,0.25,123,Nongzhanguan,11.828394889831545,21.595002818441948,0.9520344138145448,inverse,
beijing,0.25,123,Shunyi,12.761940956115724,21.610914284475275,0.9440672397613524,inverse,
beijing,0.25,123,Tiantan,11.798730850219728,20.717891991802265,0.9513881206512452,inverse,
beijing,0.25,123,Wanliu,11.203585624694824,20.67399040810775,0.9481801986694336,inverse,
beijing,0.25,123,Wanshouxigong,12.666990280151367,25.323306190657277,0.9393771886825562,inverse,
beijing,0.25,123,__aggregate__,12.060026168823242,21.97797331500692,0.943661332130432,inverse,
beijing,0.25,777,Aotizhongxin,11.73215675354004,20.787617974052637,0.9501526355743408,inverse,
beijing,0.25,777,Changping,13.249604225158691,22.98521678013256,0.918864369392395,inverse,
beijing,0.25,777,Dingling,11.621549606323242,20.90122352924659,0.9258078336715698,inverse,
beijing,0.25,777,Dongsi,12.474690437316896,23.427311587603395,0.9466877579689026,inverse,
beijing,0.25,777,Guanyuan,12.079242706298828,21.4382494914992,0.948684811592102,inverse,
beijing,0.25,777,Gucheng,11.741360664367676,22.457551375195187,0.9495581388473512,inverse,
beijing,0.25,777,Huairou,9.773775100708008,19.1392043477885,0.9373170137405396,inverse,
beijing,0.25,777,Nongzhanguan,11.78161334991455,21.358842777522423,0.9530777335166932,inverse,
beijing,0.25,777,Shunyi,12.17827320098877,20.90690978966344,0.9476520419120787,inverse,
beijing,0.25,777,Tiantan,11.79616641998291,20.529637196452565,0.952267587184906,inverse,
beijing,0.25,777,Wanliu,11.000079154968262,20.51405113441303,0.9489789009094238,inverse,
beijing,0.25,777,Wanshouxigong,12.508338928222656,25.053045530075405,0.940664291381836,inverse,
beijing,0.25,777,__aggregate__,11.82807159423828,21.6787943228173,0.9451847076416016,inverse,
beijing,0.75,42,Aotizhongxin,12.613809585571287,22.18501925502214,0.9432255625724792,inverse,
beijing,0.75,42,Changping,13.00409698486328,22.663853788680505,0.9211172461509703,inverse,
beijing,0.75,42,Dingling,13.648120880126951,26.176138878414275,0.8836340308189392,inverse,
beijing,0.75,42,Dongsi,13.819910049438477,24.231287077608982,0.9429658651351928,inverse,
beijing,0.75,42,Guanyuan,12.39341926574707,22.39303595053675,0.9440122246742249,inverse,
beijing,0.75,42,Gucheng,17.113414764404297,31.602982044754793,0.9001099467277527,inverse,
beijing,0.75,42,Huairou,10.337177276611328,19.381360000745964,0.9357208013534546,inverse,
beijing,0.75,42,Nongzhanguan,13.658446311950684,23.78572816328759,0.9418089389801024,inverse,
beijing,0.75,42,Shunyi,11.988420486450195,20.820969150057746,0.9480815529823304,inverse,
beijing,0.75,42,Tiantan,11.498102188110352,19.800326196314767,0.9555987119674684,inverse,
beijing,0.75,42,Wanliu,13.074933052062988,22.30896344193328,0.9396599531173706,inverse,
beijing,0.75,42,Wanshouxigong,13.85731029510498,27.70243098749977,0.9274510741233826,inverse,
beijing,0.75,42,__aggregate__,13.083930015563965,23.82303864770731,0.9338049292564392,inverse,
beijing,0.75,123,Aotizhongxin,12.97842025756836,23.348510746974046,0.9371143579483032,inverse,
beijing,0.75,123,Changping,13.357769966125488,23.305490212038823,0.91658753156662,inverse,
beijing,0.75,123,Dingling,14.496973991394045,27.707231435640136,0.8696230053901672,inverse,
beijing,0.75,123,Dongsi,13.519886016845703,24.086949834791245,0.9436432719230652,inverse,
beijing,0.75,123,Guanyuan,12.87890625,23.53991426230271,0.9381304383277892,inverse,
beijing,0.75,123,Gucheng,17.221364974975586,31.911192687676216,0.8981521129608154,inverse,
beijing,0.75,123,Huairou,11.252492904663086,20.590763043293908,0.9274484515190125,inverse,
beijing,0.75,123,Nongzhanguan,13.527084350585938,23.737121302600595,0.9420465230941772,inverse,
beijing,0.75,123,Shunyi,12.27573585510254,20.959779278706858,0.9473869800567628,inverse,
beijing,0.75,123,Tiantan,11.881488800048828,20.310046426334033,0.953283190727234,inverse,
beijing,0.75,123,Wanliu,13.686474800109863,23.80818069012073,0.9312774538993835,inverse,
beijing,0.75,123,Wanshouxigong,14.026387214660645,27.298086872068527,0.9295535087585448,inverse,
beijing,0.75,123,__aggregate__,13.425249099731444,24.4265530548341,0.9304085969924928,inverse,
beijing,0.75,777,Aotizhongxin,12.732611656188965,22.43559235775511,0.9419358372688292,inverse,
beijing,0.75,777,Changping,12.879974365234377,22.414580558887543,0.9228429198265076,inverse,
beijing,0.75,777,Dingling,13.987858772277832,26.609637632658703,0.8797478675842285,inverse,
beijing,0.75,777,Dongsi,13.619402885437012,24.098243541737123,0.9435904026031494,inverse,
beijing,0.75,777,Guanyuan,12.491966247558594,22.849942517364788,0.9417042136192322,inverse,
beijing,0.75,777,Gucheng,16.753738403320312,31.212029666435303,0.9025660753250122,inverse,
beijing,0.75,777,Huairou,10.340116500854492,19.39082330176603,0.935658037662506,inverse,
beijing,0.75,777,Nongzhanguan,13.838587760925291,24.02907200183834,0.9406121969223022,inverse,
beijing,0.75,777,Shunyi,12.10707187652588,20.82632198098981,0.948054850101471,inverse,
beijing,0.75,777,Tiantan,11.70878791809082,20.35292401875665,0.9530857801437378,inverse,
beijing,0.75,777,Wanliu,13.200925827026367,22.740641586928813,0.9373021721839904,inverse,
beijing,0.75,777,Wanshouxigong,13.946768760681152,27.556223598025458,0.9282148480415344,inverse,
beijing,0.75,777,__aggregate__,13.133984565734863,23.92477453239176,0.9332383275032043,inverse,
beijing,0.25,1001,Aotizhongxin,12.189722061157228,21.12760015433012,0.9485087394714355,random_matched,0.0
beijing,0.25,1001,Changping,11.55580997467041,20.568518039133785,0.9350288510322572,random_matched,0.0
beijing,0.25,1001,Dingling,10.630227088928224,19.533147564070816,0.9352023601531982,random_matched,0.0
beijing,0.25,1001,Dongsi,16.1110782623291,27.479128043432233,0.9266520738601683,random_matched,0.0
beijing,0.25,1001,Guanyuan,14.31304931640625,24.6668747901728,0.9320647120475768,random_matched,0.0
beijing,0.25,1001,Gucheng,12.313970565795898,22.88685175812605,0.9476112127304076,random_matched,0.0
beijing,0.25,1001,Huairou,10.042028427124023,19.77504870460579,0.9330829381942748,random_matched,0.0
beijing,0.25,1001,Nongzhanguan,13.63881778717041,22.95332044462399,0.945810616016388,random_matched,0.0
beijing,0.25,1001,Shunyi,12.103107452392578,21.030002052499302,0.9470338225364684,random_matched,0.0
beijing,0.25,1001,Tiantan,12.250236511230469,21.180714108511175,0.9491919875144958,random_matched,0.0
beijing,0.25,1001,Wanliu,12.208704948425291,21.986609805565465,0.941391110420227,random_matched,0.0
beijing,0.25,1001,Wanshouxigong,14.60348415374756,27.636030523674503,0.9277984499931335,random_matched,0.0
beijing,0.25,1001,__aggregate__,12.663352012634276,22.71985414699966,0.9397936463356018,random_matched,0.0
beijing,0.25,1002,Aotizhongxin,13.435546875,23.54173565969794,0.9360692501068116,random_matched,1.0
beijing,0.25,1002,Changping,12.045659065246582,21.250775491364426,0.9306471943855286,random_matched,1.0
beijing,0.25,1002,Dingling,14.793631553649902,29.498230961920623,0.8522230386734009,random_matched,1.0
beijing,0.25,1002,Dongsi,15.250792503356934,27.353503840701674,0.927321195602417,random_matched,1.0
beijing,0.25,1002,Guanyuan,13.052482604980469,23.00053604164749,0.9409332275390624,random_matched,1.0
beijing,0.25,1002,Gucheng,15.306899070739746,27.0231574320555,0.9269638061523438,random_matched,1.0
beijing,0.25,1002,Huairou,10.410466194152832,20.30631290988447,0.929439127445221,random_matched,1.0
beijing,0.25,1002,Nongzhanguan,11.984320640563965,21.613925457483205,0.9519503116607666,random_matched,1.0
beijing,0.25,1002,Shunyi,11.63373565673828,21.201607927488364,0.946165919303894,random_matched,1.0
beijing,0.25,1002,Tiantan,11.982072830200195,20.704906320772213,0.9514490365982056,random_matched,1.0
beijing,0.25,1002,Wanliu,13.706381797790527,23.66557388290069,0.9320982694625854,random_matched,1.0
beijing,0.25,1002,Wanshouxigong,14.182012557983398,27.143920487534473,0.93034690618515,random_matched,1.0
beijing,0.25,1002,__aggregate__,13.148666381835938,24.04510709672487,0.9325650930404664,random_matched,1.0
beijing,0.25,1003,Aotizhongxin,12.080073356628418,21.348109770457064,0.9474283456802368,random_matched,2.0
beijing,0.25,1003,Changping,11.63693141937256,21.102731016331894,0.931610107421875,random_matched,2.0
beijing,0.25,1003,Dingling,14.920954704284668,29.717610141783982,0.8500168323516846,random_matched,2.0
beijing,0.25,1003,Dongsi,15.209188461303713,27.387702398627404,0.9271393418312072,random_matched,2.0
beijing,0.25,1003,Guanyuan,14.80133056640625,27.91017565823328,0.913025438785553,random_matched,2.0
beijing,0.25,1003,Gucheng,12.057032585144045,22.84212812727423,0.9478157758712769,random_matched,2.0
beijing,0.25,1003,Huairou,10.140657424926758,20.26699078618589,0.929712176322937,random_matched,2.0
beijing,0.25,1003,Nongzhanguan,12.26453685760498,21.560114366443894,0.9521892666816713,random_matched,2.0
beijing,0.25,1003,Shunyi,11.708050727844238,21.284110662633257,0.945746123790741,random_matched,2.0
beijing,0.25,1003,Tiantan,11.647290229797363,20.65873853320195,0.9516653418540956,random_matched,2.0
beijing,0.25,1003,Wanliu,11.72382640838623,20.96005373416448,0.9467362761497498,random_matched,2.0
beijing,0.25,1003,Wanshouxigong,14.116596221923828,26.69930647617263,0.932610034942627,random_matched,2.0
beijing,0.25,1003,__aggregate__,12.692205429077148,23.70406613779256,0.9344644546508788,random_matched,2.0
beijing,0.25,1004,Aotizhongxin,12.523773193359377,21.500493953264773,0.9466751217842102,random_matched,3.0
beijing,0.25,1004,Changping,11.374204635620115,19.96159337229715,0.9388065338134766,random_matched,3.0
beijing,0.25,1004,Dingling,10.35988998413086,19.10618234010346,0.9380041360855104,random_matched,3.0
beijing,0.25,1004,Dongsi,15.956488609313965,26.68566802479727,0.930826723575592,random_matched,3.0
beijing,0.25,1004,Guanyuan,14.249457359313965,24.48254021523553,0.93307626247406,random_matched,3.0
beijing,0.25,1004,Gucheng,14.226953506469728,25.46949289560699,0.9351206421852112,random_matched,3.0
beijing,0.25,1004,Huairou,10.104352951049805,19.312689622855487,0.936175525188446,random_matched,3.0
beijing,0.25,1004,Nongzhanguan,14.192757606506348,24.06724664019222,0.940423309803009,random_matched,3.0
beijing,0.25,1004,Shunyi,11.97652816772461,20.93138101467843,0.947529435157776,random_matched,3.0
beijing,0.25,1004,Tiantan,13.016003608703612,23.40781323009144,0.9379456043243408,random_matched,3.0
beijing,0.25,1004,Wanliu,11.129366874694824,19.510836988959895,0.953847110271454,random_matched,3.0
beijing,0.25,1004,Wanshouxigong,13.432510375976562,25.82055715655648,0.9369730353355408,random_matched,3.0
beijing,0.25,1004,__aggregate__,12.711856842041016,22.678243635145115,0.9400139451026917,random_matched,3.0
beijing,0.25,1005,Aotizhongxin,12.87763214111328,21.49665771055141,0.9466941356658936,random_matched,4.0
beijing,0.25,1005,Changping,13.65229034423828,25.49628017445633,0.9001683592796326,random_matched,4.0
beijing,0.25,1005,Dingling,10.08656406402588,18.810775525716803,0.9399064183235168,random_matched,4.0
beijing,0.25,1005,Dongsi,17.95350456237793,30.216138314623155,0.911312997341156,random_matched,4.0
beijing,0.25,1005,Guanyuan,15.089153289794922,26.570542210856484,0.9211742877960204,random_matched,4.0
beijing,0.25,1005,Gucheng,12.381933212280272,22.856989206070125,0.9477478861808776,random_matched,4.0
beijing,0.25,1005,Huairou,9.60930633544922,19.477740763597463,0.9350799322128296,random_matched,4.0
beijing,0.25,1005,Nongzhanguan,13.434066772460938,22.53296128968454,0.9477772116661072,random_matched,4.0
beijing,0.25,1005,Shunyi,12.171722412109377,21.490842066438656,0.9446870684623718,random_matched,4.0
beijing,0.25,1005,Tiantan,12.585570335388184,21.8328199641707,0.9460152983665466,random_matched,4.0
beijing,0.25,1005,Wanliu,11.852466583251951,20.72606850735287,0.9479188323020936,random_matched,4.0
beijing,0.25,1005,Wanshouxigong,14.46090316772461,26.933875599051024,0.9314207434654236,random_matched,4.0
beijing,0.25,1005,__aggregate__,13.012925148010254,23.430945698127378,0.9359659552574158,random_matched,4.0
beijing,0.75,1001,Aotizhongxin,12.865530967712402,22.39707156521284,0.9421350359916688,random_matched,0.0
beijing,0.75,1001,Changping,12.155762672424316,21.209372064700695,0.9309171438217164,random_matched,0.0
beijing,0.75,1001,Dingling,14.814997673034668,28.84245705728904,0.8587204813957214,random_matched,0.0
beijing,0.75,1001,Dongsi,14.904483795166016,26.309078329334582,0.9327653050422668,random_matched,0.0
beijing,0.75,1001,Guanyuan,13.971271514892578,25.647178616684013,0.9265576601028442,random_matched,0.0
beijing,0.75,1001,Gucheng,15.216185569763184,28.11470623255681,0.920944333076477,random_matched,0.0
beijing,0.75,1001,Huairou,9.95718002319336,19.261247791976153,0.9365150928497314,random_matched,0.0
beijing,0.75,1001,Nongzhanguan,13.738142013549805,23.224161865090792,0.9445242285728456,random_matched,0.0
beijing,0.75,1001,Shunyi,12.137710571289062,20.40105396614811,0.9501546025276184,random_matched,0.0
beijing,0.75,1001,Tiantan,13.021492958068848,22.58525852382236,0.9422301650047302,random_matched,0.0
beijing,0.75,1001,Wanliu,13.576584815979004,23.171028147455093,0.9349064826965332,random_matched,0.0
beijing,0.75,1001,Wanshouxigong,13.834196090698242,26.722642260356665,0.932492196559906,random_matched,0.0
beijing,0.75,1001,__aggregate__,13.349462509155272,24.171929288481376,0.931851863861084,random_matched,0.0
beijing,0.75,1002,Aotizhongxin,12.218427658081056,21.409051909463656,0.9471277594566344,random_matched,1.0
beijing,0.75,1002,Changping,11.370805740356444,20.65049841327799,0.9345099329948424,random_matched,1.0
beijing,0.75,1002,Dingling,14.00314235687256,29.068500514611497,0.8564972877502441,random_matched,1.0
beijing,0.75,1002,Dongsi,15.46990203857422,26.664490547399247,0.9309365153312684,random_matched,1.0
beijing,0.75,1002,Guanyuan,13.441488265991213,24.611826514798352,0.9323675632476808,random_matched,1.0
beijing,0.75,1002,Gucheng,15.681683540344238,28.78732292064512,0.917116403579712,random_matched,1.0
beijing,0.75,1002,Huairou,10.076062202453612,19.479887151058364,0.9350656270980836,random_matched,1.0
beijing,0.75,1002,Nongzhanguan,13.762041091918944,23.650584743118007,0.942468285560608,random_matched,1.0
beijing,0.75,1002,Shunyi,11.266694068908691,20.09248103618498,0.9516510367393494,random_matched,1.0
beijing,0.75,1002,Tiantan,12.273942947387695,21.515839176040025,0.9475714564323424,random_matched,1.0
beijing,0.75,1002,Wanliu,12.65613842010498,22.432045276198902,0.9389923214912416,random_matched,1.0
beijing,0.75,1002,Wanshouxigong,13.94541358947754,26.968253227246777,0.9312455654144288,random_matched,1.0
beijing,0.75,1002,__aggregate__,13.013813018798828,23.99853002496976,0.9328261017799376,random_matched,1.0
beijing,0.75,1003,Aotizhongxin,12.760335922241213,22.470784526281285,0.9417535662651062,random_matched,2.0
beijing,0.75,1003,Changping,12.71213722229004,22.19869119721117,0.9243220686912536,random_matched,2.0
beijing,0.75,1003,Dingling,15.224069595336914,29.66776996518328,0.8505194783210754,random_matched,2.0
beijing,0.75,1003,Dongsi,14.731172561645508,26.140970559580893,0.9336218237876892,random_matched,2.0
beijing,0.75,1003,Guanyuan,13.224163055419922,24.93922055076476,0.930556297302246,random_matched,2.0
beijing,0.75,1003,Gucheng,14.72471046447754,26.71364740202152,0.9286272525787354,random_matched,2.0
beijing,0.75,1003,Huairou,10.73874282836914,19.84825936091634,0.9325865507125854,random_matched,2.0
beijing,0.75,1003,Nongzhanguan,13.45113468170166,23.316107504054468,0.9440840482711792,random_matched,2.0
beijing,0.75,1003,Shunyi,11.73603343963623,20.663804050841232,0.948862373828888,random_matched,2.0
beijing,0.75,1003,Tiantan,12.601675987243652,21.872955401100135,0.9458166360855104,random_matched,2.0
beijing,0.75,1003,Wanliu,12.450312614440918,21.683654620140647,0.9429951310157776,random_matched,2.0
beijing,0.75,1003,Wanshouxigong,13.996807098388672,27.33921167695198,0.9293410778045654,random_matched,2.0
beijing,0.75,1003,__aggregate__,13.195940971374512,24.07878532717195,0.9323760271072388,random_matched,2.0
beijing,0.75,1004,Aotizhongxin,13.209854125976562,22.819841765942556,0.9399299025535583,random_matched,3.0
beijing,0.75,1004,Changping,12.18039608001709,21.26515070535557,0.9305533170700072,random_matched,3.0
beijing,0.75,1004,Dingling,15.038456916809082,29.53287342594636,0.8518757820129395,random_matched,3.0
beijing,0.75,1004,Dongsi,15.405179977416992,26.483894492322474,0.931868851184845,random_matched,3.0
beijing,0.75,1004,Guanyuan,13.166924476623535,23.672507984523815,0.9374315142631532,random_matched,3.0
beijing,0.75,1004,Gucheng,16.89337921142578,31.10756013980464,0.9032172560691832,random_matched,3.0
beijing,0.75,1004,Huairou,10.91339111328125,20.17518263572267,0.930347502231598,random_matched,3.0
beijing,0.75,1004,Nongzhanguan,14.132259368896484,23.963042732344896,0.940938115119934,random_matched,3.0
beijing,0.75,1004,Shunyi,12.51425838470459,21.101212510981306,0.9466745257377625,random_matched,3.0
beijing,0.75,1004,Tiantan,12.78149127960205,22.37111250708573,0.9433204531669616,random_matched,3.0
beijing,0.75,1004,Wanliu,13.120747566223145,22.441016301551148,0.9389435052871704,random_matched,3.0
beijing,0.75,1004,Wanshouxigong,14.48497486114502,27.776114058792157,0.9270646572113036,random_matched,3.0
beijing,0.75,1004,__aggregate__,13.653444290161133,24.62504089661896,0.929273009300232,random_matched,3.0
beijing,0.75,1005,Aotizhongxin,12.621362686157228,21.5951292974828,0.946204662322998,random_matched,4.0
beijing,0.75,1005,Changping,12.602699279785156,21.97605702849197,0.925832450389862,random_matched,4.0
beijing,0.75,1005,Dingling,13.529651641845703,26.1928006363539,0.8834858536720276,random_matched,4.0
beijing,0.75,1005,Dongsi,15.890735626220703,27.35776426583503,0.9272985458374025,random_matched,4.0
beijing,0.75,1005,Guanyuan,13.41221046447754,24.24114513953046,0.9343894720077516,random_matched,4.0
beijing,0.75,1005,Gucheng,13.50971794128418,24.520278946003938,0.9398664236068726,random_matched,4.0
beijing,0.75,1005,Huairou,9.753708839416504,19.64573322592911,0.9339552521705629,random_matched,4.0
beijing,0.75,1005,Nongzhanguan,14.286945343017578,23.971092616941764,0.9408984184265136,random_matched,4.0
beijing,0.75,1005,Shunyi,11.589470863342283,20.429963101630516,0.9500132203102112,random_matched,4.0
beijing,0.75,1005,Tiantan,12.694355964660645,22.346828350007243,0.943443477153778,random_matched,4.0
beijing,0.75,1005,Wanliu,12.499265670776367,21.175917078401305,0.9456335306167604,random_matched,4.0
beijing,0.75,1005,Wanshouxigong,14.514493942260742,27.95980456631839,0.9260967969894408,random_matched,4.0
beijing,0.75,1005,__aggregate__,13.075384140014648,23.594113459534903,0.9350709915161132,random_matched,4.0
london,0.25,42,BL0,2.0497231483459473,3.194445205540958,-0.3813530206680298,inverse,
london,0.25,42,BT4,2.905831813812256,4.332019802453315,0.4749171137809753,inverse,
london,0.25,42,CT3,2.1277716159820557,3.1009765378968,-1.4943668842315674,inverse,
london,0.25,42,GN0,1.0933871269226074,1.6163878744490423,0.5948565006256104,inverse,
london,0.25,42,KC1,1.2021652460098269,1.8152776678089024,0.8581953048706055,inverse,
london,0.25,42,LH0,0.9649993777275084,1.4639723156620077,0.7344599962234497,inverse,
london,0.25,42,RB7,1.7501978874206543,2.5980942894591346,0.7084448337554932,inverse,
london,0.25,42,TH4,2.585132598876953,4.430636403546299,0.5913320779800415,inverse,
london,0.25,42,__aggregate__,1.834901213645935,3.021148682719562,0.5908949375152588,inverse,
london,0.25,123,BL0,1.9219272136688232,3.036736311492506,-0.2483257055282592,inverse,
london,0.25,123,BT4,3.003697395324707,4.416810495205961,0.454160988330841,inverse,
london,0.25,123,CT3,2.141383647918701,2.932297177532612,-1.2303824424743652,inverse,
london,0.25,123,GN0,1.253953218460083,1.7174707680648031,0.5425997972488403,inverse,
london,0.25,123,KC1,1.182011365890503,1.8120375076058268,0.8587011098861694,inverse,
london,0.25,123,LH0,1.0534883737564087,1.5914572136892464,0.6861991286277771,inverse,
london,0.25,123,RB7,1.8784652948379517,2.7041311872022957,0.6841604709625244,inverse,
london,0.25,123,TH4,2.7409911155700684,4.7165967057681835,0.5368775129318237,inverse,
london,0.25,123,__aggregate__,1.896989822387695,3.0751599588115464,0.5761364698410034,inverse,
london,0.25,777,BL0,1.888221263885498,3.0919130054094373,-0.2941014766693115,inverse,
london,0.25,777,BT4,3.0272469520568848,4.435290364046454,0.449583888053894,inverse,
london,0.25,777,CT3,2.219050168991089,3.158828739442351,-1.5883057117462158,inverse,
london,0.25,777,GN0,1.2918232679367063,1.7248352524964217,0.5386687517166138,inverse,
london,0.25,777,KC1,1.28151273727417,1.833761930940452,0.8552927374839783,inverse,
london,0.25,777,LH0,0.9591431617736816,1.4652599506388506,0.7339926958084106,inverse,
london,0.25,777,RB7,1.7675899267196655,2.6278166418806177,0.7017358541488647,inverse,
london,0.25,777,TH4,2.6483635902404785,4.477677184858435,0.582608163356781,inverse,
london,0.25,777,__aggregate__,1.885368824005127,3.054702485577053,0.5817571878433228,inverse,
london,0.75,42,BL0,1.9474622011184692,2.7467904000821837,-0.0213270187377929,inverse,
london,0.75,42,BT4,3.2713794708251953,4.616309584339724,0.4037383794784546,inverse,
london,0.75,42,CT3,2.2531793117523193,2.7051608847617676,-0.8982332944869995,inverse,
london,0.75,42,GN0,1.942028284072876,2.558620307143901,-0.0151479244232177,inverse,
london,0.75,42,KC1,1.4931535720825195,2.1756757234634514,0.796299159526825,inverse,
london,0.75,42,LH0,1.0173470973968506,1.54928316645126,0.7026103734970093,inverse,
london,0.75,42,RB7,2.522325038909912,3.3424436209809185,0.5174535512924194,inverse,
london,0.75,42,TH4,3.1050875186920166,5.41831796369169,0.3888225555419922,inverse,
london,0.75,42,__aggregate__,2.193995475769043,3.3612413057134676,0.4936042428016662,inverse,
london,0.75,123,BL0,2.831904888153076,3.5941760266756524,-0.7486885786056519,inverse,
london,0.75,123,BT4,2.5750937461853027,3.861927748080806,0.582693338394165,inverse,
london,0.75,123,CT3,1.7626676559448242,2.429967342832295,-0.53166663646698,inverse,
london,0.75,123,GN0,1.8596365451812744,2.712876651472517,-0.1412420272827148,inverse,
london,0.75,123,KC1,2.2525181770324707,2.802624211821265,0.6619863510131836,inverse,
london,0.75,123,LH0,1.8507835865020752,2.2781959888925605,0.3569476008415222,inverse,
london,0.75,123,RB7,3.0330517292022705,3.7582343929375,0.3899313807487488,inverse,
london,0.75,123,TH4,2.92197847366333,4.99851910595163,0.4798589944839477,inverse,
london,0.75,123,__aggregate__,2.3859543800354004,3.414151328042078,0.4775362014770508,inverse,
london,0.75,777,BL0,1.7439507246017456,2.6784352749325815,0.0288728475570678,inverse,
london,0.75,777,BT4,3.475597858428955,4.7164195792423875,0.3775967359542846,inverse,
london,0.75,777,CT3,2.596143960952759,3.0332812552819792,-1.3866500854492188,inverse,
london,0.75,777,GN0,2.19579815864563,2.7800087033965726,-0.1984225511550903,inverse,
london,0.75,777,KC1,1.4289788007736206,2.137867731954214,0.8033173084259033,inverse,
london,0.75,777,LH0,0.9265140295028688,1.4494771804092328,0.7396923303604126,inverse,
london,0.75,777,RB7,2.357225179672241,3.1931300089646193,0.559603214263916,inverse,
london,0.75,777,TH4,3.2148187160491943,5.46132185951781,0.3790825009346008,inverse,
london,0.75,777,__aggregate__,2.2423784732818604,3.410305024317725,0.4787127375602722,inverse,
london,0.25,1001,BL0,2.099022626876831,3.0389267761205696,-0.2501274347305298,random_matched,0.0
london,0.25,1001,BT4,2.250349521636963,3.2111994504235315,0.7114762663841248,random_matched,0.0
london,0.25,1001,CT3,2.4936347007751465,3.1425665931656037,-1.5617241859436035,random_matched,0.0
london,0.25,1001,GN0,2.5845277309417725,3.660686833082664,-1.0779869556427002,random_matched,0.0
london,0.25,1001,KC1,1.4572396278381348,2.0843959641438943,0.8130329847335815,random_matched,0.0
london,0.25,1001,LH0,1.7575613260269165,2.5977755641066698,0.1638822555541992,random_matched,0.0
london,0.25,1001,RB7,1.8082537651062012,2.6877462584758947,0.6879763603210449,random_matched,0.0
london,0.25,1001,TH4,2.5694563388824463,3.8902810798826817,0.6849348545074463,random_matched,0.0
london,0.25,1001,__aggregate__,2.1275057792663574,3.0877711003314334,0.5726528167724609,random_matched,0.0
london,0.25,1002,BL0,0.9419111013412476,1.2984100816312951,0.771788477897644,random_matched,1.0
london,0.25,1002,BT4,2.3183538913726807,3.4035992588786157,0.6758665442466736,random_matched,1.0
london,0.25,1002,CT3,2.3997583389282227,2.8449722849161323,-1.0995173454284668,random_matched,1.0
london,0.25,1002,GN0,2.7039859294891357,3.6857296848292265,-1.106515407562256,random_matched,1.0
london,0.25,1002,KC1,1.4363194704055786,2.2754812590921807,0.7771816253662109,random_matched,1.0
london,0.25,1002,LH0,1.381215214729309,2.253466267341958,0.3708324432373047,random_matched,1.0
london,0.25,1002,RB7,1.7648751735687256,2.6216465556090167,0.7031348347663879,random_matched,1.0
london,0.25,1002,TH4,2.609185218811035,3.7846920016109777,0.701805591583252,random_matched,1.0
london,0.25,1002,__aggregate__,1.9444504976272583,2.8810085038202287,0.6279684901237488,random_matched,1.0
london,0.25,1003,BL0,1.7004209756851196,2.757966207483974,-0.0296548604965209,random_matched,2.0
london,0.25,1003,BT4,2.351417303085327,3.373771019863413,0.6815229058265686,random_matched,2.0
london,0.25,1003,CT3,2.3227930068969727,2.6813241837204886,-0.8649278879165649,random_matched,2.0
london,0.25,1003,GN0,1.0950278043746948,1.6381261778546712,0.5838859677314758,random_matched,2.0
london,0.25,1003,KC1,1.7739660739898682,2.8760364157078295,0.6440465450286865,random_matched,2.0
london,0.25,1003,LH0,1.1224783658981323,1.507198149287349,0.7185476422309875,random_matched,2.0
london,0.25,1003,RB7,1.9043550491333008,2.6937550343335896,0.686579704284668,random_matched,2.0
london,0.25,1003,TH4,2.831200122833252,4.749710074159708,0.5303518772125244,random_matched,2.0
london,0.25,1003,__aggregate__,1.8877074718475344,2.9415335051427585,0.6121727824211121,random_matched,2.0
london,0.25,1004,BL0,1.1526368856430054,1.5665179662273854,0.6678115129470825,random_matched,3.0
london,0.25,1004,BT4,2.2187540531158447,3.1397804149457884,0.7241674661636353,random_matched,3.0
london,0.25,1004,CT3,1.1112887859344482,1.5944053200201844,0.3405818939208984,random_matched,3.0
london,0.25,1004,GN0,2.027815818786621,3.1464604306390296,-0.535190224647522,random_matched,3.0
london,0.25,1004,KC1,1.1086304187774658,1.7163240825447978,0.8732339143753052,random_matched,3.0
london,0.25,1004,LH0,1.7889647483825684,2.3618363432233003,0.3088635206222534,random_matched,3.0
london,0.25,1004,RB7,1.7841119766235352,2.635829476052074,0.6999140977859497,random_matched,3.0
london,0.25,1004,TH4,2.437422513961792,3.672168216766689,0.7192734479904175,random_matched,3.0
london,0.25,1004,__aggregate__,1.7037031650543213,2.5911145896881003,0.6990711092948914,random_matched,3.0
london,0.25,1005,BL0,1.9514662027359009,2.947106419656287,-0.1757241487503051,random_matched,4.0
london,0.25,1005,BT4,2.298156976699829,3.3176768893793405,0.6920251846313477,random_matched,4.0
london,0.25,1005,CT3,2.2978336811065674,2.767526522460219,-0.9867671728134156,random_matched,4.0
london,0.25,1005,GN0,1.4042599201202393,1.919353971574194,0.4287478923797607,random_matched,4.0
london,0.25,1005,KC1,1.4379515647888184,2.2018707167935405,0.7913645505905151,random_matched,4.0
london,0.25,1005,LH0,0.8804632425308228,1.2352549157012982,0.8109496831893921,random_matched,4.0
london,0.25,1005,RB7,1.782868504524231,2.6093323298637374,0.7059171199798584,random_matched,4.0
london,0.25,1005,TH4,1.8975805044174192,2.822158420730998,0.8341936469078064,random_matched,4.0
london,0.25,1005,__aggregate__,1.7438225746154783,2.553987552985896,0.7076330780982971,random_matched,4.0
london,0.75,1001,BL0,2.0431644916534424,3.069825422560703,-0.275678277015686,random_matched,0.0
london,0.75,1001,BT4,3.2183001041412354,4.643714569901327,0.3966378569602966,random_matched,0.0
london,0.75,1001,CT3,2.312901258468628,2.8774695363491145,-1.1477556228637695,random_matched,0.0
london,0.75,1001,GN0,2.109259605407715,2.7643743585995044,-0.1849809885025024,random_matched,0.0
london,0.75,1001,KC1,1.8062434196472168,2.5471936360064036,0.7207916378974915,random_matched,0.0
london,0.75,1001,LH0,1.1349483728408811,1.730064258705051,0.6291581988334656,random_matched,0.0
london,0.75,1001,RB7,2.381691217422486,3.19130763598407,0.5601057410240173,random_matched,0.0
london,0.75,1001,TH4,2.9286391735076904,4.831413457752903,0.5140553712844849,random_matched,0.0
london,0.75,1001,__aggregate__,2.241893529891968,3.352570495547007,0.4962135553359985,random_matched,0.0
london,0.75,1002,BL0,1.810449719429016,2.744920634666674,-0.0199370384216308,random_matched,1.0
london,0.75,1002,BT4,2.910139560699463,4.124631923090418,0.5239885449409485,random_matched,1.0
london,0.75,1002,CT3,3.1260719299316406,3.7086279819886303,-2.5677132606506348,random_matched,1.0
london,0.75,1002,GN0,2.4778363704681396,3.0671320548271224,-0.4587558507919311,random_matched,1.0
london,0.75,1002,KC1,1.7616126537322998,3.030575234729693,0.6047657132148743,random_matched,1.0
london,0.75,1002,LH0,1.147137999534607,1.612420838652937,0.6778775453567505,random_matched,1.0
london,0.75,1002,RB7,2.2912731170654297,3.164235503565038,0.5675373673439026,random_matched,1.0
london,0.75,1002,TH4,3.3025248050689697,5.443056621693632,0.3832288384437561,random_matched,1.0
london,0.75,1002,__aggregate__,2.3533806800842285,3.5201550945879663,0.4445892572402954,random_matched,1.0
london,0.75,1003,BL0,1.552375078201294,2.356214313590987,0.2484751343727111,random_matched,2.0
london,0.75,1003,BT4,3.440685510635376,4.9831172109495405,0.3052169680595398,random_matched,2.0
london,0.75,1003,CT3,2.615931749343872,2.963022750895892,-1.2773687839508057,random_matched,2.0
london,0.75,1003,GN0,1.8845425844192505,2.3823116589101945,0.119934856891632,random_matched,2.0
london,0.75,1003,KC1,1.7467855215072632,2.8416149802182527,0.6525158882141113,random_matched,2.0
london,0.75,1003,LH0,1.144930124282837,1.5112770085725564,0.717022180557251,random_matched,2.0
london,0.75,1003,RB7,2.4051215648651123,3.2838139280697027,0.5342336893081665,random_matched,2.0
london,0.75,1003,TH4,3.388244390487671,5.913689020778203,0.271959900856018,random_matched,2.0
london,0.75,1003,__aggregate__,2.272326946258545,3.5523229762405975,0.434391975402832,random_matched,2.0
london,0.75,1004,BL0,2.22465443611145,3.047263722198483,-0.2569959163665771,random_matched,3.0
london,0.75,1004,BT4,2.673063039779663,3.990029425452775,0.5545497536659241,random_matched,3.0
london,0.75,1004,CT3,1.8573508262634275,2.257605203266217,-0.3220850229263305,random_matched,3.0
london,0.75,1004,GN0,1.979699969291687,2.7162987192685204,-0.1441230773925781,random_matched,3.0
london,0.75,1004,KC1,2.1110827922821045,2.777298767326476,0.6680675745010376,random_matched,3.0
london,0.75,1004,LH0,1.541481375694275,2.189839556142579,0.4058600068092346,random_matched,3.0
london,0.75,1004,RB7,2.333706855773926,3.0835733749841485,0.5893048644065857,random_matched,3.0
london,0.75,1004,TH4,2.99573016166687,5.203344025455285,0.4363578557968139,random_matched,3.0
london,0.75,1004,__aggregate__,2.2145960330963135,3.293425576955524,0.5138319730758667,random_matched,3.0
london,0.75,1005,BL0,2.449960231781006,3.4762792579053357,-0.6358486413955688,random_matched,4.0
london,0.75,1005,BT4,2.9259555339813232,4.353359433534514,0.4697312116622925,random_matched,4.0
london,0.75,1005,CT3,2.2148005962371826,2.902614000761133,-1.185455560684204,random_matched,4.0
london,0.75,1005,GN0,1.6991745233535769,2.2749224136033823,0.1974892616271972,random_matched,4.0
london,0.75,1005,KC1,2.059774398803711,2.7578756957337465,0.6726940870285034,random_matched,4.0
london,0.75,1005,LH0,1.1933313608169556,1.6257935567057331,0.6725122928619385,random_matched,4.0
london,0.75,1005,RB7,2.3018429279327393,2.990607658822258,0.6136953830718994,random_matched,4.0
london,0.75,1005,TH4,3.058284282684326,5.146807538478077,0.4485397338867187,random_matched,4.0
london,0.75,1005,__aggregate__,2.2378902435302734,3.3600436232777677,0.4939650893211365,random_matched,4.0
madrid,0.25,42,CASA DE CAMPO,2.5256879329681396,3.6458676291169665,0.632080078125,inverse,
madrid,0.25,42,CASTELLANA,5.419826507568359,8.232272898637211,0.711156964302063,inverse,
madrid,0.25,42,CUATRO CAMINOS-PABLO,3.2782859802246094,5.080375665606484,0.7269229292869568,inverse,
madrid,0.25,42,ESCUELAS AGUIRRE,4.306846618652344,6.383854121518146,0.6294299364089966,inverse,
madrid,0.25,42,MENDEZ ALVARO,5.09543514251709,8.102638813207996,0.3357909917831421,inverse,
madrid,0.25,42,PLAZA CASTILLA-CANAL,3.4951956272125244,5.397303239876707,0.6711230278015137,inverse,
madrid,0.25,42,PLAZA ELÍPTICA,3.8932673931121826,6.130731820113035,0.6303472518920898,inverse,
madrid,0.25,42,__aggregate__,4.002078056335449,6.324509781849728,0.6513657569885254,inverse,
madrid,0.25,123,CASA DE CAMPO,2.5757699012756348,3.7845161140775185,0.6035647392272949,inverse,
madrid,0.25,123,CASTELLANA,5.2206010818481445,7.971043155804591,0.7291974425315857,inverse,
madrid,0.25,123,CUATRO CAMINOS-PABLO,3.2334887981414795,5.015959066038404,0.7338039875030518,inverse,
madrid,0.25,123,ESCUELAS AGUIRRE,4.251832485198975,6.240207783100618,0.6459190845489502,inverse,
madrid,0.25,123,MENDEZ ALVARO,4.090709209442139,6.221704136003016,0.6083749532699585,inverse,
madrid,0.25,123,PLAZA CASTILLA-CANAL,3.3465986251831055,5.199089065871844,0.6948353052139282,inverse,
madrid,0.25,123,PLAZA ELÍPTICA,3.951066732406616,6.008355680398568,0.6449573040008545,inverse,
madrid,0.25,123,__aggregate__,3.810009479522705,5.901580741032009,0.6964340806007385,inverse,
madrid,0.25,777,CASA DE CAMPO,2.6457104682922363,3.789751819949629,0.6024670600891113,inverse,
madrid,0.25,777,CASTELLANA,6.566104888916016,10.434765486081215,0.5359253883361816,inverse,
madrid,0.25,777,CUATRO CAMINOS-PABLO,3.9865341186523438,6.106801927781533,0.6054325103759766,inverse,
madrid,0.25,777,ESCUELAS AGUIRRE,4.505716323852539,6.852431552103934,0.5730334520339966,inverse,
madrid,0.25,777,MENDEZ ALVARO,4.383874893188477,6.884168580051931,0.5205373764038086,inverse,
madrid,0.25,777,PLAZA CASTILLA-CANAL,3.94722056388855,6.133732079245938,0.5752538442611694,inverse,
madrid,0.25,777,PLAZA ELÍPTICA,4.8100504875183105,6.989167960531323,0.5195809602737427,inverse,
madrid,0.25,777,__aggregate__,4.406458854675293,6.9832276632952555,0.5749610662460327,inverse,
madrid,0.75,42,CASA DE CAMPO,3.158233642578125,4.133733347538252,0.527026891708374,inverse,
madrid,0.75,42,CASTELLANA,6.6289496421813965,11.044840192281956,0.4800742864608764,inverse,
madrid,0.75,42,CUATRO CAMINOS-PABLO,3.811564922332764,5.881958107880515,0.6339524984359741,inverse,
madrid,0.75,42,ESCUELAS AGUIRRE,5.744529724121094,7.833748934928173,0.4419876933097839,inverse,
madrid,0.75,42,MENDEZ ALVARO,4.42216682434082,6.266776190808444,0.6026802659034729,inverse,
madrid,0.75,42,PLAZA CASTILLA-CANAL,3.9543652534484863,5.646549399973649,0.6400467753410339,inverse,
madrid,0.75,42,PLAZA ELÍPTICA,4.404721260070801,6.469001507131343,0.5884299278259277,inverse,
madrid,0.75,42,__aggregate__,4.5892181396484375,7.051294670538292,0.5666348338127136,inverse,
madrid,0.75,123,CASA DE CAMPO,3.061044216156006,4.238022925595271,0.5028606653213501,inverse,
madrid,0.75,123,CASTELLANA,5.954415798187256,9.488541368269589,0.6162738800048828,inverse,
madrid,0.75,123,CUATRO CAMINOS-PABLO,3.621516704559326,5.553713599134451,0.673667311668396,inverse,
madrid,0.75,123,ESCUELAS AGUIRRE,5.690188884735107,7.884074477774405,0.4347951412200928,inverse,
madrid,0.75,123,MENDEZ ALVARO,4.2382588386535645,6.176040981749712,0.6141023635864258,inverse,
madrid,0.75,123,PLAZA CASTILLA-CANAL,3.8499562740325928,5.691561076952068,0.6342851519584656,inverse,
madrid,0.75,123,PLAZA ELÍPTICA,4.479313850402832,6.6249009610816545,0.5683536529541016,inverse,
madrid,0.75,123,__aggregate__,4.413527965545654,6.712698832999928,0.6072551012039185,inverse,
madrid,0.75,777,CASA DE CAMPO,2.790061712265014,3.796198906377244,0.6011134386062622,inverse,
madrid,0.75,777,CASTELLANA,6.684087753295898,11.18801247898752,0.4665074944496155,inverse,
madrid,0.75,777,CUATRO CAMINOS-PABLO,3.8036813735961914,5.9406164724097135,0.6266151666641235,inverse,
madrid,0.75,777,ESCUELAS AGUIRRE,5.356966018676758,7.452670485354981,0.4949570894241333,inverse,
madrid,0.75,777,MENDEZ ALVARO,3.968773126602173,5.932896807325001,0.6438890099525452,inverse,
madrid,0.75,777,PLAZA CASTILLA-CANAL,3.797278881072998,5.582353629325778,0.6481848955154419,inverse,
madrid,0.75,777,PLAZA ELÍPTICA,4.717431545257568,6.721697777221227,0.5556478500366211,inverse,
madrid,0.75,777,__aggregate__,4.445468425750732,6.989370722789423,0.574212908744812,inverse,
madrid,0.25,1001,CASA DE CAMPO,2.8406081199645996,3.8367913999147727,0.5925372242927551,random_matched,0.0
madrid,0.25,1001,CASTELLANA,6.085796356201172,9.650976228500715,0.6030234098434448,random_matched,0.0
madrid,0.25,1001,CUATRO CAMINOS-PABLO,5.495123863220215,8.523208349348634,0.2314009666442871,random_matched,0.0
madrid,0.25,1001,ESCUELAS AGUIRRE,6.58656644821167,9.471334878844008,0.1843068599700927,random_matched,0.0
madrid,0.25,1001,MENDEZ ALVARO,3.4257640838623047,5.162297996281985,0.7303887605667114,random_matched,0.0
madrid,0.25,1001,PLAZA CASTILLA-CANAL,4.754258632659912,6.984041005454445,0.4493275284767151,random_matched,0.0
madrid,0.25,1001,PLAZA ELÍPTICA,3.911969184875488,5.8861954525412745,0.6592478156089783,random_matched,0.0
madrid,0.25,1001,__aggregate__,4.728583812713623,7.37066600631917,0.5264893770217896,random_matched,0.0
madrid,0.25,1002,CASA DE CAMPO,2.518667697906494,3.7036433762476175,0.6203268766403198,random_matched,1.0
madrid,0.25,1002,CASTELLANA,4.662372589111328,6.828520250556182,0.8012644052505493,random_matched,1.0
madrid,0.25,1002,CUATRO CAMINOS-PABLO,3.8198354244232178,5.732191953970834,0.6523557901382446,random_matched,1.0
madrid,0.25,1002,ESCUELAS AGUIRRE,4.534763813018799,6.51287739954349,0.6142994165420532,random_matched,1.0
madrid,0.25,1002,MENDEZ ALVARO,3.454050064086914,5.287736329192346,0.7171270847320557,random_matched,1.0
madrid,0.25,1002,PLAZA CASTILLA-CANAL,3.4454798698425293,5.224357288018879,0.6918618083000183,random_matched,1.0
madrid,0.25,1002,PLAZA ELÍPTICA,3.880712747573853,5.998275509013507,0.646147608757019,random_matched,1.0
madrid,0.25,1002,__aggregate__,3.759412050247192,5.692785469037489,0.7175341844558716,random_matched,1.0
madrid,0.25,1003,CASA DE CAMPO,2.5742716789245605,3.67370235343426,0.6264407634735107,random_matched,2.0
madrid,0.25,1003,CASTELLANA,7.8918304443359375,13.833043903555549,0.1844362020492553,random_matched,2.0
madrid,0.25,1003,CUATRO CAMINOS-PABLO,3.2273335456848145,4.959588583834191,0.7397534847259521,random_matched,2.0
madrid,0.25,1003,ESCUELAS AGUIRRE,3.787947177886963,5.9444767167749335,0.6786844730377197,random_matched,2.0
madrid,0.25,1003,MENDEZ ALVARO,3.9237382411956783,5.734407596339576,0.6673183441162109,random_matched,2.0
madrid,0.25,1003,PLAZA CASTILLA-CANAL,3.911264419555664,5.882137427028479,0.6093839406967163,random_matched,2.0
madrid,0.25,1003,PLAZA ELÍPTICA,4.471936225891113,6.29374552691546,0.6104280948638916,random_matched,2.0
madrid,0.25,1003,__aggregate__,4.25547456741333,7.28871656048725,0.5369601249694824,random_matched,2.0
madrid,0.25,1004,CASA DE CAMPO,3.021949529647827,4.252196922199292,0.4995297193527221,random_matched,3.0
madrid,0.25,1004,CASTELLANA,5.084965229034424,7.592284512493743,0.7543213367462158,random_matched,3.0
madrid,0.25,1004,CUATRO CAMINOS-PABLO,6.596879005432129,10.68252822611566,-0.2073736190795898,random_matched,3.0
madrid,0.25,1004,ESCUELAS AGUIRRE,3.866311550140381,5.991217861777783,0.6736116409301758,random_matched,3.0
madrid,0.25,1004,MENDEZ ALVARO,3.4301164150238037,5.196284015425805,0.7268271446228027,random_matched,3.0
madrid,0.25,1004,PLAZA CASTILLA-CANAL,4.85536527633667,7.237377095867204,0.4086532592773437,random_matched,3.0
madrid,0.25,1004,PLAZA ELÍPTICA,4.065178871154785,6.124155103058573,0.6311399340629578,random_matched,3.0
madrid,0.25,1004,__aggregate__,4.417252063751221,6.9961354623442435,0.5733883380889893,random_matched,3.0
madrid,0.25,1005,CASA DE CAMPO,2.509145021438598,3.690116212870503,0.6230952739715576,random_matched,4.0
madrid,0.25,1005,CASTELLANA,5.861248016357422,9.29806608375899,0.6315252780914307,random_matched,4.0
madrid,0.25,1005,CUATRO CAMINOS-PABLO,3.1485209465026855,4.762443305852058,0.760032057762146,random_matched,4.0
madrid,0.25,1005,ESCUELAS AGUIRRE,3.7411856651306152,5.797791277504716,0.6943463087081909,random_matched,4.0
madrid,0.25,1005,MENDEZ ALVARO,3.8190972805023193,5.618226784180782,0.680662214756012,random_matched,4.0
madrid,0.25,1005,PLAZA CASTILLA-CANAL,3.3386478424072266,5.209226221478396,0.693644106388092,random_matched,4.0
madrid,0.25,1005,PLAZA ELÍPTICA,3.898013830184937,5.843811034837512,0.6641374230384827,random_matched,4.0
madrid,0.25,1005,__aggregate__,3.7594082355499263,5.966775777376776,0.6896899938583374,random_matched,4.0
madrid,0.75,1001,CASA DE CAMPO,2.944263219833374,4.036304233029551,0.5490593910217285,random_matched,0.0
madrid,0.75,1001,CASTELLANA,7.346314907073975,12.632669970593607,0.3198374509811401,random_matched,0.0
madrid,0.75,1001,CUATRO CAMINOS-PABLO,4.472092628479004,6.742389768746774,0.5190263390541077,random_matched,0.0
madrid,0.75,1001,ESCUELAS AGUIRRE,5.375518321990967,7.687667968899856,0.4626049399375915,random_matched,0.0
madrid,0.75,1001,MENDEZ ALVARO,4.139278888702393,6.4124686970978475,0.5839914083480835,random_matched,0.0
madrid,0.75,1001,PLAZA CASTILLA-CANAL,4.3813958168029785,6.309274283630724,0.5505942106246948,random_matched,0.0
madrid,0.75,1001,PLAZA ELÍPTICA,4.3676066398620605,6.34215536887109,0.6044120788574219,random_matched,0.0
madrid,0.75,1001,__aggregate__,4.718067646026611,7.574259041280148,0.4999693632125854,random_matched,0.0
madrid,0.75,1002,CASA DE CAMPO,2.851365804672241,3.903781446561722,0.5781844854354858,random_matched,1.0
madrid,0.75,1002,CASTELLANA,5.895411014556885,9.075052342119411,0.6489889621734619,random_matched,1.0
madrid,0.75,1002,CUATRO CAMINOS-PABLO,5.374993801116943,9.035254201263257,0.1362772583961486,random_matched,1.0
madrid,0.75,1002,ESCUELAS AGUIRRE,6.1818132400512695,8.641867246540873,0.3209220767021179,random_matched,1.0
madrid,0.75,1002,MENDEZ ALVARO,3.630992889404297,5.398832491654952,0.705115795135498,random_matched,1.0
madrid,0.75,1002,PLAZA CASTILLA-CANAL,3.892840623855591,5.664337951276347,0.6377753019332886,random_matched,1.0
madrid,0.75,1002,PLAZA ELÍPTICA,4.309934139251709,6.210462098551046,0.6206700801849365,random_matched,1.0
madrid,0.75,1002,__aggregate__,4.591050148010254,7.1085030157208005,0.5595743656158447,random_matched,1.0
madrid,0.75,1003,CASA DE CAMPO,3.187723159790039,4.256127148170224,0.4986041784286499,random_matched,2.0
madrid,0.75,1003,CASTELLANA,7.451477527618408,12.86502014324629,0.2945870757102966,random_matched,2.0
madrid,0.75,1003,CUATRO CAMINOS-PABLO,4.6705522537231445,7.190062754308106,0.4530357718467712,random_matched,2.0
madrid,0.75,1003,ESCUELAS AGUIRRE,5.356302261352539,7.581723080660898,0.4773147106170654,random_matched,2.0
madrid,0.75,1003,MENDEZ ALVARO,4.204834938049316,6.36935024858198,0.5895671844482422,random_matched,2.0
madrid,0.75,1003,PLAZA CASTILLA-CANAL,4.648741722106934,6.673807547707522,0.4971630573272705,random_matched,2.0
madrid,0.75,1003,PLAZA ELÍPTICA,4.936260223388672,7.218298431408406,0.4875648021697998,random_matched,2.0
madrid,0.75,1003,__aggregate__,4.92227029800415,7.837775519728557,0.464570939540863,random_matched,2.0
madrid,0.75,1004,CASA DE CAMPO,3.0316410064697266,4.222845279721923,0.5064151287078857,random_matched,3.0
madrid,0.75,1004,CASTELLANA,7.22359561920166,12.202112759114003,0.3654110431671142,random_matched,3.0
madrid,0.75,1004,CUATRO CAMINOS-PABLO,5.254647254943848,8.095872990904889,0.3065407276153564,random_matched,3.0
madrid,0.75,1004,ESCUELAS AGUIRRE,4.945898532867432,7.178165643931516,0.5314764976501465,random_matched,3.0
madrid,0.75,1004,MENDEZ ALVARO,3.97981595993042,6.060956935551462,0.6283499598503113,random_matched,3.0
madrid,0.75,1004,PLAZA CASTILLA-CANAL,4.938061237335205,7.246974971685384,0.4070838093757629,random_matched,3.0
madrid,0.75,1004,PLAZA ELÍPTICA,5.161579608917236,7.399115494112444,0.4615704417228699,random_matched,3.0
madrid,0.75,1004,__aggregate__,4.933605670928955,7.817507184461141,0.4673365950584411,random_matched,3.0
madrid,0.75,1005,CASA DE CAMPO,2.9948253631591797,4.158400130006172,0.5213654041290283,random_matched,4.0
madrid,0.75,1005,CASTELLANA,7.926812171936035,14.339792673907947,0.1235882639884948,random_matched,4.0
madrid,0.75,1005,CUATRO CAMINOS-PABLO,3.790534019470215,5.847258631375669,0.6382585763931274,random_matched,4.0
madrid,0.75,1005,ESCUELAS AGUIRRE,4.72158145904541,6.8085102682417915,0.5784892439842224,random_matched,4.0
madrid,0.75,1005,MENDEZ ALVARO,3.9492030143737793,5.949278382210986,0.641919732093811,random_matched,4.0
madrid,0.75,1005,PLAZA CASTILLA-CANAL,4.129465579986572,5.975655121581238,0.5968647003173828,random_matched,4.0
madrid,0.75,1005,PLAZA ELÍPTICA,4.712612152099609,6.725484054899326,0.5551471710205078,random_matched,4.0
madrid,0.75,1005,__aggregate__,4.603576183319092,7.744147274981382,0.4772867560386657,random_matched,4.0
